First Name,Last Name,Email,Street Address,City,State,Moving Date
Marguerite,Bartell,lois_schuster@hegmann.org,1083 Bernier Place,North Selmerberg,Delaware,2017-04-13
Rogers,Ledner,cruz_mitchell@goldner.io,55594 Maida Glens,Labadieport,Texas,2017-04-08
John,Donnelly,helga@pouros.org,6268 Clinton Cliffs,West Martina,Kentucky,2017-03-30
Tyshawn,Brown,lizzie_gleason@borer.com,9625 Maryam Cape,West Jalyn,Washington,2017-03-31
Nella,Altenwerth,bonita_streich@weinat.org,3846 Margot Mountain,West Orlando,Maine,2017-04-09
Gregoria,Corkery,otis.barton@zboncak.org,82106 Waters View,Lake Margiechester,Connecticut,2017-04-11
Princess,Weber,clark@bergecrist.name,170 Kuphal Stream,New Kennedi,South Carolina,2017-04-08
Wilfrid,Boehm,stacy@heel.org,542 King Keys,Port Johnsonchester,Idaho,2017-04-02
Devyn,Hoppe,omer@schowalter.biz,22956 O'Connell Junctions,Kaylafort,South Carolina,2017-04-14
Leland,Thiel,darron@casperfunk.io,536 Audreanne Circles,Funkmouth,Indiana,2017-03-31
Name,Hyatt,katherine@farrell.io,902 Kassulke Orchard,Hayliestad,Mississippi,2017-03-28
London,Lehner,tristin_yundt@toy.info,8371 Hilpert Stream,Jalynview,Illinois,2017-04-10
Otha,Fadel,gerhard@cain.com,45639 Jane Glen,North Danyka,Oregon,2017-03-30
Darron,Ernser,hilton@bayer.org,3485 Marvin Canyon,Beerside,Missouri,2017-04-03
Reese,Turcotte,georgianna@ebertskiles.net,5179 Ferne Springs,Cronastad,North Carolina,2017-03-27
Ashlee,Pouros,leslie@jacobs.io,5871 Toy Extension,Hintztown,Delaware,2017-03-28
Paris,Berge,nikko_beatty@boyle.io,900 Waters Way,Andersonberg,Pennsylvania,2017-04-03
Cyril,Block,bria@predovic.co,8202 Herminia Viaduct,New Carmen,South Carolina,2017-04-13
Izabella,Predovic,caleb@batz.name,602 Prosacco Street,Ericastad,Arkansas,2017-04-14
Nickolas,Harris,antone.cronin@shieldsluettgen.com,37211 Eugene Village,Kyleightown,Hawaii,2017-04-08
Addie,Pouros,edgar_rosenbaum@kshlerin.net,1989 Cruickshank Mountains,Montetown,New Jersey,2017-03-29
Dorothea,Krajcik,carlos@morar.co,53969 Elian Knolls,Lake Jeramy,Kentucky,2017-04-07
Gabrielle,Rolfson,garret@gleason.io,65595 Hartmann Spur,Horacioville,Louisiana,2017-04-11
Grayson,Fadel,corrine_crist@feilwaters.com,2461 O'Conner Via,Schmittland,Virginia,2017-04-13
Justyn,Boehm,jordi_huel@steuber.name,120 Nicholaus Plaza,Port Preston,Missouri,2017-03-29
Georgette,Ankunding,marty@blanda.io,73437 Adolf Via,New Keaton,Hawaii,2017-03-31
Barton,Pollich,susana.dietrich@macejkovic.name,5009 Esther Locks,Kylehaven,Minnesota,2017-04-13
Jarrett,Schoen,ansley@lehner.com,38173 Mayer Avenue,North Athenaberg,North Dakota,2017-04-10
Ernie,Runolfsson,leslie_okeefe@hermannwilkinson.io,4252 Delta Key,Allenebury,Arkansas,2017-03-31
Serenity,Bogan,polly@douglas.info,49633 O'Connell Estate,Greenholtbury,Louisiana,2017-04-05
Bernardo,Bashirian,lexi@lynch.io,416 Simonis Loaf,Rippinmouth,Montana,2017-03-30
Greg,Heaney,gladys@crookslittle.name,556 Lyric Extension,West Roberta,Kentucky,2017-04-04
Maxwell,Dare,keaton@greengoodwin.name,8559 Eulah Turnpike,North Darby,Kentucky,2017-04-07
Lacey,Bode,jodie@kutch.co,605 Robel Mountains,South Parker,Mississippi,2017-04-08
Novella,O'Reilly,anna.kuphal@vonprohaska.biz,43726 Tony Orchard,New Mackenziefurt,Kansas,2017-03-31
Alia,Miller,cayla@schmidt.io,59209 Helga Vista,Raynorview,Kentucky,2017-04-11
Asa,Buckridge,madison_gottlieb@marks.info,31373 Kellie Court,Port Beaulahshire,Montana,2017-04-11
Delpha,Hoppe,lyda.durgan@feeney.name,822 Janiya Glen,Dickihaven,Vermont,2017-03-29
Abraham,Rice,harley@harber.net,64402 Wisozk Ranch,East Mia,Iowa,2017-04-09
Sandy,Toy,raven_little@pfannerstilllubowitz.org,3110 Mohr Terrace,Donton,Wisconsin,2017-04-02
